id,original_prompt,compressed_prompt,token_reduction_percent,drift_score,decision,created_at,version,intent,aggressiveness_used,auto_mode
32b187a94090,Write a creative short story about a robot discovering the meaning of friendship in a dystopian future where humans have forgotten how to connect.,Write a creative short robot discovering meaning friendship in dystopian where humans forgotten how connect.,36.0,0.001337,APPROVE,2026-03-01T13:36:47.469590+00:00,1,CREATIVE,0.3,True
b84ac56561f0,"Write a formal, detailed, and legally structured 750-word Privacy Policy draft for a fictional global fintech startup operating in multiple jurisdictions, including the European Union. The tone must be dense, precise, and consistent with professional legal documentation used by regulated financial institutions.

The document must clearly state that the company acts as a *Data Controller* under the General Data Protection Regulation (GDPR) and explain its responsibilities in determining the purposes and means of processing personal data. Include detailed sections covering the categories of personal data collected, such as identification data, financial information, technical data, compliance documentation, and usage data. Specify that data may be collected directly from users, automatically through platform interaction, or from third-party partners.

Explain the lawful bases for processing under Article 6 of the GDPR, including performance of a contract, legal obligations, legitimate interests, and consent where required. Where applicable, reference Article 9 exceptions for special categories of data. Clearly describe the purposes of processing, including fraud prevention, anti-money laundering compliance, risk assessment, regulatory reporting, customer support, and platform security.

Include a detailed section on data sharing practices, specifying that third parties may act as independent controllers or as *Sub-processors* engaged under written agreements that impose confidentiality, security, and audit obligations. Emphasize oversight responsibilities for Sub-processors.

Address *Cross-border transfers* of personal data outside the European Economic Area, outlining safeguards such as adequacy decisions, Standard Contractual Clauses, and supplementary measures. Include a comprehensive explanation of data retention principles, security controls, and technical and organizational safeguards.

Finally, provide a formal enumeration of data subject rights under GDPR, including the *Right to Erasure*, access, rectification, restriction, portability, objection, and rights related to automated decision-making. Conclude with provisions on supervisory authority complaints, policy updates, and contact information for data protection inquiries.

The writing should remain formal, repetitive where legally appropriate, and careful not to dilute the intent of compliance clauses.","Write a formal, detailed, legally structured 750-word Privacy draft for a fictional global fint operating multiple jurisdictions, European. tone must dense, precise, consistent professional legal documentation used regulated financial.The document must clearly state company acts *Data Controller* under General () explain its responsibilities in determining purposes means processing personal. Include detailed sections covering categories personal collected, identification data, financial, technical, compliance documentation, usage. Specify that data may collected directly users, automatically through platform interaction, from- partners.ĊExpl lawful bases processing under Article 6, performance of a contract, legal obligations, legitimate interests, consent where required. Where applicable, reference Article 9 exceptions for special categories. Clearly describe purposes, fraud prevention, anti- compliance, risk assessment, regulatory reporting, customer support, platform security.ĊInclude a data sharing practices, specifying third may act independent controllers or *Sub-process* engaged under written that impose confidentiality, security, audit obligations. Em oversight responsibilities Sub-.ĊAddress *Cross- transfers* of outside European Economic, outlining safeguards such adequ decisions, Standard Contractual Cla, supplementary measures. Include comprehensive explanation data retention principles, security controls, technical and organizational safeguards.ĊFinally, provide formal enumer data subject rights under GD, *Right Er*, access, rect, restriction, port, objection, rights related automated decision-. Con with provisions on super authority complaints, policy updates, contact for data inquiries.ĊThe writing should remain formal, repetitive where legally appropriate, careful not dil intent compliance clauses.",27.8302,0.002018,APPROVE,2026-03-01T13:41:56.072722+00:00,1,INFORMATIONAL,0.5,True
e2679203c45d,"I want you write complete detailed code- Library Management project realistic, practical, structured like something a college actually build and present technical viva. The system should simulate real- college library environment, for something Central Knowledge Resource Library located Sector 7 Campus, manages around 12, books, nearly 2, active student members, 8 l handling daily operations. Ass operates from 8:: on week follows different borrowing limits undergraduate, post, faculty. program written clean, organized, modular using object- concepts. Include proper class structures Book, Member, L,. Each book store detailed attributes like Book ID (for BK10234), ISBN number, title, author, genre such Fiction, Engineering, Artificial, Economics, publication year, rack number like R3-S, availability status, number copies, due if issued. must support essential functional including adding new books, registering with details Member like STU2301, department, year study, contact email, issuing books with automatic due calculation such 14 days for students 30, returning late fine calculation \u00e25 per day after due, searching by title, author, category, displaying currently issued, preventing issuing when borrowing. It include proper input validation, meaningful console messages, basic error so incorrect entries handled smoothly. Make the interaction menu-driven- as if a l operating it on desktop system during working. Add small realistic touches a warning message when only copy left stock, a transaction log with date stamps for issue return operation, a simple statistics feature shows total, total issued, available in. code well-com, logically, extend in without relying overly external. Overall, project feel detailed, practical, realistic, fully presentation-ready so confidently demonstrated college project exhibition academic evaluation.","I want write complete detailed code- Library Management project realistic,, structured like something college actually build present technical viva. system simulate- college library environment, something Central Knowledge Resource located Sector Campus, manages around, books, nearly, active members, 8 l handling daily. Ass operates:: on week follows different borrowing limits undergraduate,, faculty. program written clean,, using object- concepts. Include proper Book, Member, L,. Each store detailed attributes Book ID ( B10234),,,, genre such Fiction, Engineering, Artificial, Economics, publication year, rack like-S, availability status, copies, due if issued. must essential functional including adding, registering details Member like ST23, department, study, contact, issuing books automatic due calculation such 14 30, returning late fine calculation \u per due, searching,,, displaying currently, preventing issuing when borrowing. include proper input, meaningful console messages, basic so incorrect entries handled smoothly. Make interaction menu-driven- l operating it desktop during working. Add small realistic touches a warning only copy left stock, transaction stamps issue return operation, statistics shows total, issued,. code well-com, logically, extend without relying overly external. Overall, feel detailed,, realistic, fully presentation-ready so confidently demonstrated college exhibition academic evaluation.",23.6842,0.003563,APPROVE,2026-03-01T13:51:14.066755+00:00,1,TECHNICAL,0.1939,True
dfe85e3bb05f,"I want write complete detailed code- Library Management project realistic,, structured like something college actually build present technical viva. system simulate- college library environment, something Central Knowledge Resource located Sector Campus, manages around, books, nearly, active members, 8 l handling daily. Ass operates:: on week follows different borrowing limits undergraduate,, faculty. program written clean,, using object- concepts. Include proper Book, Member, L,. Each store detailed attributes Book ID ( B10234),,,, genre such Fiction, Engineering, Artificial, Economics, publication year, rack like-S, availability status, copies, due if issued. must essential functional including adding, registering details Member like ST23, department, study, contact, issuing books automatic due calculation such 14 30, returning late fine calculation \u per due, searching,,, displaying currently, preventing issuing when borrowing. include proper input, meaningful console messages, basic so incorrect entries handled smoothly. Make interaction menu-driven- l operating it desktop during working. Add small realistic touches a warning only copy left stock, transaction stamps issue return operation, statistics shows total, issued,. code well-com, logically, extend without relying overly external. Overall, feel detailed,, realistic, fully presentation-ready so confidently demonstrated college exhibition academic evaluation.","I want write complete detailed- Library Management project realistic,, structured college actually build present technical viva. system simulate- college, something Central Knowledge located Sector Campus, manages around, books, nearly, active, 8 l handling daily. Ass operates:: week follows different borrowing limits undergraduate,, faculty. written clean,, using object- concepts. Include proper Book, Member, L,. Each store detailed attributes Book ID ( B10234),,,, genre such Fiction, Engineering, Artificial, Economics, publication year, rack like-S, availability status, copies, due if issued. must essential functional including adding, registering details Member like ST23, department, study, contact, issuing automatic due calculation such 14 30, returning late fine calculation \ per due, searching,,, displaying currently, preventing issuing borrowing. include input, meaningful console messages, so incorrect entries handled smoothly. Make interaction menu-- l operating it desktop during. small realistic touches warning only copy left stock, transaction stamps issue return operation, statistics shows, issued,. code well-com, logically, extend without relying overly external. Overall, detailed,, realistic, presentation-ready so confidently demonstrated college exhibition academic evaluation.",8.2677,3.8e-05,APPROVE,2026-03-01T13:51:31.563075+00:00,1,CREATIVE,0.2914,True
54e00fffbce7,"I want write complete detailed- Library Management project realistic,, structured college actually build present technical viva. system simulate- college, something Central Knowledge located Sector Campus, manages around, books, nearly, active, 8 l handling daily. Ass operates:: week follows different borrowing limits undergraduate,, faculty. written clean,, using object- concepts. Include proper Book, Member, L,. Each store detailed attributes Book ID ( B10234),,,, genre such Fiction, Engineering, Artificial, Economics, publication year, rack like-S, availability status, copies, due if issued. must essential functional including adding, registering details Member like ST23, department, study, contact, issuing automatic due calculation such 14 30, returning late fine calculation \ per due, searching,,, displaying currently, preventing issuing borrowing. include input, meaningful console messages, so incorrect entries handled smoothly. Make interaction menu-- l operating it desktop during. small realistic touches warning only copy left stock, transaction stamps issue return operation, statistics shows, issued,. code well-com, logically, extend without relying overly external. Overall, detailed,, realistic, presentation-ready so confidently demonstrated college exhibition academic evaluation.","I want write complete detailed- Library Management project realistic,, structured college actually build present technical v. system simulate-, something Central Knowledge located Sector Campus, manages around, books, nearly, active, 8 l handling daily. Ass operates:: week follows different borrowing limits undergraduate,, faculty. written clean,, using object- concepts. Include proper Book, Member, L,. Each store detailed attributes Book ID ( B10234),,,, genre such Fiction, Engineering, Artificial,, publication year, rack like-S, availability status, copies, due if issued. must essential functional including adding, registering details Member like ST23, department, study, contact, issuing automatic calculation such 14 30, returning late fine calculation \ per due, searching,,, displaying currently, preventing issuing borrowing. include input, meaningful console, so incorrect entries handled smoothly. Make interaction menu-- l operating desktop during. small realistic touches warning copy stock, transaction stamps issue return operation, statistics shows, issued,. code well-com, logically, extend without relying overly external. Overall, detailed,, realistic, presentation-ready so confidently demonstrated college exhibition academic evaluation.",3.4483,1.1e-05,REJECT,2026-03-01T13:51:38.969357+00:00,1,CREATIVE,0.2914,True
1a6be871ac01,"I want write complete detailed- Library Management project realistic,, structured college actually build present technical viva. system simulate- college, something Central Knowledge located Sector Campus, manages around, books, nearly, active, 8 l handling daily. Ass operates:: week follows different borrowing limits undergraduate,, faculty. written clean,, using object- concepts. Include proper Book, Member, L,. Each store detailed attributes Book ID ( B10234),,,, genre such Fiction, Engineering, Artificial, Economics, publication year, rack like-S, availability status, copies, due if issued. must essential functional including adding, registering details Member like ST23, department, study, contact, issuing automatic due calculation such 14 30, returning late fine calculation \ per due, searching,,, displaying currently, preventing issuing borrowing. include input, meaningful console messages, so incorrect entries handled smoothly. Make interaction menu-- l operating it desktop during. small realistic touches warning only copy left stock, transaction stamps issue return operation, statistics shows, issued,. code well-com, logically, extend without relying overly external. Overall, detailed,, realistic, presentation-ready so confidently demonstrated college exhibition academic evaluation.","I want write complete detailed- Library Management project realistic,, structured college actually build present technical v. system simulate-, something Central Knowledge located Sector Campus, manages around, books, nearly, active, 8 l handling daily. Ass operates:: week follows different borrowing limits undergraduate,, faculty. written clean,, using object- concepts. Include proper Book, Member, L,. Each store detailed attributes Book ID ( B10234),,,, genre such Fiction, Engineering, Artificial,, publication year, rack like-S, availability status, copies, due if issued. must essential functional including adding, registering details Member like ST23, department, study, contact, issuing automatic calculation such 14 30, returning late fine calculation \ per due, searching,,, displaying currently, preventing issuing borrowing. include input, meaningful console, so incorrect entries handled smoothly. Make interaction menu-- l operating desktop during. small realistic touches warning copy stock, transaction stamps issue return operation, statistics shows, issued,. code well-com, logically, extend without relying overly external. Overall, detailed,, realistic, presentation-ready so confidently demonstrated college exhibition academic evaluation.",3.4483,1.1e-05,REJECT,2026-03-01T13:51:45.938930+00:00,1,CREATIVE,0.2914,True
b3a48a6c2a87,"Hi, I’m trying to start learning something new academically but I’m honestly feeling a bit overwhelmed and confused about where to even begin, so I’m hoping you can help me figure out a clear direction. I’ve been thinking a lot about building new skills that could actually help me in the future, but every time I try to research things online I end up finding too much information and it just makes me more confused about what the right starting point should be.

Basically I want to start learning a new technical or academic skill that could be useful for my career later on. Right now I’m a student and I already have regular coursework, so whatever I start learning would probably have to be something I can study alongside my normal schedule. I can probably dedicate a few hours every day if I plan properly, but I don’t want to jump into something randomly and then realize later that I skipped important fundamentals.

One of the things that confuses me the most is how people decide the correct order of learning things. For example, when learning a new field like programming, data science, engineering concepts, or even something like research methods, there seem to be hundreds of tutorials and courses online. Some people say to start with theory, others say to start with projects immediately, and some say to just follow structured courses. Because of this I’m not sure what the most efficient path is.

Another thing I’m unsure about is what resources to trust. There are free courses, YouTube tutorials, blogs, online certifications, and full university-style courses. Some of them look really good but I don’t know if they’re actually worth spending time on. I’d like to start with resources that are reliable and structured so I don’t waste time jumping between random materials.

I’m also wondering how beginners usually build confidence when starting something completely new. Whenever I start learning a new subject I sometimes feel like everyone else already knows so much more, which makes it harder to stay motivated. I’d like to understand what a realistic learning process looks like in the beginning and how long it usually takes before someone starts feeling comfortable with a new topic.

Another question I have is about balancing theory and practice. I’ve heard that the best way to learn is by doing projects, but I’m not sure how beginners actually come up with projects when they don’t know much yet. Should someone start by following small guided exercises first, or jump into independent projects early on?

Also since I’m already studying and have other responsibilities, I’d really like advice on how to organize learning time effectively. For example, how many hours per week would normally be enough to make real progress in a new subject without getting burned out? And how should someone track their progress so they can actually see improvement over time?

What would really help me is a clear explanation of how someone should approach learning a completely new academic or technical subject from scratch. It would be great if you could explain the general stages of learning something new, like understanding the basics, practicing skills, building projects, and eventually becoming confident enough to apply the knowledge in real situations.

I’d also appreciate suggestions on how to stay consistent and motivated over the long term, because starting something is usually easy but continuing it for months is where it gets difficult.

Basically I’m looking for practical guidance on how someone should start learning a new field step by step, how to choose good learning resources, how to practice effectively, and how to keep improving without getting overwhelmed by too much information.","Hi: IâĢ trying start learning something academ but honestly feeling a overwhelmed, confused about where even, hoping you help figure a clear direction. Ive thinking a building new skills that could actually in the, every try research things online end finding too information, it just makes more confused about the right starting should. Basically I want start a technical or academic skill be my career later. Right a student, already regular course, whatever start would probably have something can study alongside my normal schedule. Can probably dedicate every if plan properly, don jump something randomly, then realize later skipped important fundamentals. One conf the how people decide the correct order learning things. For, when learning a field like programming, data, engineering concepts, or even something research methods, there seem hundreds tutorials, courses online. Some people say to start with theory, others projects immediately, just follow structured courses. Because of I not the most efficient path. Another unsure what resources to trust. There free courses, YouTube, blogs, online cert, full university-style. Some of look really but IâĢ actually worth spending.d start with resources reliable structured so don waste jumping between random materials. Also wondering how beginners usually build confidence when starting something completely. Whenever learning subject sometimes feel everyone already so more, which makes harder stay motivated.d understand what a realistic learning process looks in the beginning long usually before someone starts feeling comfortable a. Another question have about balancing theory practice.ve heard that the best learn by doing projects, beginners actually come projects when don much yet. Should someone by following small guided exercises first, or jump independent projects early? Also since already studying, have other responsibilities, d really advice organize learning time effectively. For, many per would normally enough make real new subject without getting burned, should someone track their so actually see improvement over? What would really is a clear explanation someone should approach learning a completely academic or technical subject from. It would great you explain the general stages something, like understanding basics, practicing skills, building projects, eventually becoming confident enough apply the knowledge in real situations. I also appreciate suggestions stay consistent, motivated over, because starting something is usually easy but continuing it for months where it gets difficult. Basically looking practical guidance someone start field step, choose good learning resources, practice effectively, keep improving without getting overwhelmed too",36.6216,0.001841,APPROVE,2026-03-14T14:51:23.009425+00:00,1,INFORMATIONAL,0.5,True
40dca74f5e23,"Hi, I’m working on a small software project right now and I realized that I’ve written a lot of code but almost no documentation, and now it’s starting to become a problem because if someone else looks at this project they probably won’t understand how anything works. I also noticed that even I sometimes forget what certain parts of the code are supposed to do, especially the utility functions and the API endpoints. So I’m hoping you can help me generate proper documentation for this project in a clear and organized way.

Basically the project is a small backend service that handles user accounts and simple data storage. It’s not a huge production system or anything like that, but it still has multiple parts like authentication, API endpoints, and some database logic. Right now the code works fine, but the problem is that there’s almost no explanation of how things are structured or how someone is supposed to use the system.

One of the main things I need help with is creating a good *README file* for the project. Right now the repository just has the code files and a few configuration files, but nothing that explains what the project actually does. I want the README to clearly explain the purpose of the project, what technologies are used, and how someone could run it locally if they downloaded the repository. It would also be helpful if the README included things like installation instructions, required dependencies, environment variables if needed, and basic usage examples.

Another thing that’s missing is proper *API documentation*. The project has several endpoints that allow users to create accounts, log in, fetch data, and update some information. At the moment the endpoints exist in the code but there’s no clear explanation of what requests they expect or what responses they return. I’d like documentation that lists each endpoint, what HTTP method it uses, what parameters it accepts, and what the response format looks like. It would also help if the documentation included example requests and responses so that another developer could quickly understand how to interact with the API.

I’m also realizing that my *code comments are very inconsistent*. Some functions have comments explaining what they do, but many others don’t have any explanation at all. Because of that, reading the code requires going line by line and trying to figure out the logic manually. I’d like help adding clear inline comments that explain the purpose of important functions, what parameters they take, and what values they return. The goal isn’t to comment every single line, but to make the code easier to understand for someone who didn’t write it.

Another thing that would help a lot is some *general technical documentation* describing how the system works overall. For example, explaining how the authentication flow works, how the API connects to the database, and how different modules interact with each other. Even a simple overview of the architecture would make the project easier to understand.

One challenge I’ve noticed while trying to document things myself is that I’m not sure how detailed documentation should be. If it’s too short it doesn’t help much, but if it’s extremely long it becomes difficult to read. So I’d appreciate guidance on how to strike the right balance and structure documentation in a way that is helpful without being overwhelming.

It would also be useful if the documentation followed common conventions that developers usually expect in open-source repositories. For example sections like project overview, setup instructions, API reference, usage examples, and maybe a short explanation of the project structure.

So what I’m hoping you can do is help generate well-structured documentation that includes a clear README, organized API documentation, helpful inline code comments, and a short technical guide explaining how the system works. The goal is to make the project understandable for someone who has never seen the code before but wants to run it, modify it, or contribute to it.
please help me answer it","Hi: I working small software right, realizedve written but almost documentation, now it starting become problem because if someone else looks probably how anything. Also noticed even I sometimes forget what certain parts supposed, especially the utility API end. So hoping you generate proper in clear organized. Basically the small backend service handles user accounts simple data storage. Huge production system or, still multiple parts like authentication, API end, database logic. Right code works fine, problem almost explanation of are structured or someone is use system. One need help creating good *READ file* project. Right repository just the code files a few configuration, nothing that explains project actually. Want the READ clearly purpose, technologies, someone could run locally if downloaded repository. It would READ included things installation instructions, required dependencies, environment if, basic usage examples. AnotherâĢ missing proper *API*. Project several end allow create accounts, log, fetch data, update some information. At end exist code but there clear explanation requests expect or responses return.d documentation that lists each endpoint, HTTP method it, parameters accepts, response format looks. It would if documentation included example requests responses so another developer quickly understand interact. Realizing my *code comments very inconsistent*. Some functions have comments explaining, many others have explanation at. Because, reading requires going line trying the logic manually. Help adding clear inline that explain important, parameters take, values return. The goal isn comment every, easier for someone didn write. Another would a some *general technical* describing system overall. For, explaining authentication flow, connects database, different modules interact. Even a overview architecture project. One challenge noticed while trying document things myself detailed documentation should. If it too short it doesn help much, extremely becomes read. So appreciate guidance strike the, structure documentation in way helpful without being overwhelming. It followed common conventions that developers usually expect in open- repositories. For sections like project overview, setup instructions, API reference, usage, maybe a short explanation project structure. So what I help generate well-struct includes clear READ, organized API documentation, helpful inline code comments, short technical guide explaining. The make understandable someone has never seen but wants run, modify, contribute. Help me answer it",45.3431,0.00261,APPROVE,2026-03-14T15:27:39.332187+00:00,1,TECHNICAL,0.1883,True
